customer_id,account_created_date,device_id,ip_address,loyalty_tier
CUST-10001,11/11/2023,DEV-651401,192.168.161.248,silver
CUST-10002,2023-01-29,DEV-126451,192.168.166.100,GOLD
CUST-10003,2024-10-09,DEV-175753,192.168.196.230,None
CUST-10004,2024-07-08,DEV-765178,192.168.105.120,Gold
CUST-10005,2025-01-14,,192.168.105.213,Gold
CUST-10006,2023-09-17,DEV-273909,192.168.161.88,Silver
CUST-10007,11/18/2023,DEV-571047,192.168.36.249,GOLD
CUST-10008,03/29/2025,DEV-302865,192.168.42.213,
CUST-10009,11/15/2025,DEV-637324,192.168.134.232,None
CUST-10010,05/29/2023,DEV-120566,192.168.203.28,Gold
CUST-10011,25-01-2023,DEV-883312,192.168.76.158,None
CUST-10012,06/02/2023,DEV-668062,192.168.144.198,
CUST-10013,2024-05-18,DEV-304505,192.168.87.248,Silver
CUST-10014,04/06/2022,DEV-435160,192.168.68.50,None
CUST-10015,06/08/2024,DEV-505546,192.168.69.110,Gold
CUST-10016,31-07-2025,DEV-318968,192.168.23.99,Silver
CUST-10017,15-02-2024,DEV-356493,192.168.158.209,Gold
CUST-10018,01/26/2022,DEV-794484,192.168.212.12,silver
CUST-10019,18-02-2024,DEV-591102,192.168.177.92,silver
CUST-10020,02/05/2023,DEV-941271,192.168.67.98,silver
CUST-10021,10/16/2024,DEV-840665,192.168.9.146,None
CUST-10022,12/18/2023,DEV-145452,192.168.93.206,Silver
CUST-10023,2022-07-28,DEV-142397,192.168.186.148,Silver
CUST-10024,2023-10-31,DEV-465577,192.168.125.193,GOLD
CUST-10025,06/13/2024,DEV-408844,192.168.249.109,GOLD
CUST-10026,04/12/2022,DEV-764213,192.168.30.197,None
CUST-10027,06-08-2023,DEV-539484,192.168.150.110,
CUST-10028,14-03-2024,DEV-869368,192.168.4.59,GOLD
CUST-10029,10/22/2022,DEV-608536,192.168.120.81,
CUST-10030,29-04-2025,DEV-803339,192.168.83.17,silver
CUST-10031,11-05-2023,DEV-723188,192.168.29.71,None
CUST-10032,2023-05-10,DEV-118705,192.168.110.207,GOLD
CUST-10033,07/18/2024,DEV-492976,192.168.228.53,Gold
CUST-10034,2025-09-25,DEV-690262,192.168.27.133,None
CUST-10035,05-01-2025,DEV-653610,192.168.79.158,Silver
CUST-10036,01-07-2023,DEV-596413,192.168.233.246,Silver
CUST-10037,2025-10-28,DEV-238235,192.168.192.228,GOLD
CUST-10038,13-09-2024,DEV-274509,192.168.16.107,
CUST-10039,13-06-2023,DEV-114330,192.168.157.41,Silver
CUST-10040,2024-08-11,DEV-136122,192.168.58.151,None
CUST-10041,13-03-2023,DEV-263765,192.168.79.251,None
CUST-10042,05/21/2024,DEV-698067,192.168.31.115,Silver
CUST-10043,2024-08-08,DEV-573968,192.168.12.30,GOLD
CUST-10044,2023-12-20,DEV-351997,192.168.153.166,Silver
CUST-10045,07/24/2022,DEV-469598,192.168.66.114,silver
CUST-10046,05/20/2022,DEV-620982,192.168.57.159,Silver
CUST-10047,10/27/2024,DEV-347557,192.168.28.123,Silver
CUST-10048,2024-12-23,DEV-801312,192.168.93.53,Silver
CUST-10049,25-02-2025,DEV-433293,192.168.109.45,GOLD
CUST-10050,03-08-2024,DEV-349283,192.168.154.69,
CUST-10051,08/12/2023,DEV-491815,192.168.106.90,silver
CUST-10052,26-03-2023,DEV-876014,192.168.225.130,silver
CUST-10053,12/13/2022,DEV-271120,192.168.135.224,Silver
CUST-10054,2022-06-09,DEV-591388,192.168.41.92,Gold
CUST-10055,2024-09-16,DEV-231771,192.168.64.50,None
CUST-10056,2022-06-17,DEV-653927,192.168.185.175,silver
CUST-10057,05/21/2025,DEV-564008,192.168.138.170,Gold
CUST-10058,13-01-2024,DEV-925944,192.168.42.19,
CUST-10059,08/01/2024,DEV-103548,192.168.194.149,silver
CUST-10060,12-03-2023,DEV-607894,192.168.15.229,Gold
CUST-10061,2025-07-26,DEV-497610,192.168.196.221,silver
CUST-10062,03-11-2025,DEV-345023,192.168.223.96,Silver
CUST-10063,2024-12-11,DEV-490658,192.168.81.17,Silver
CUST-10064,09-02-2025,DEV-103940,192.168.86.166,Silver
CUST-10065,2022-07-05,DEV-542093,192.168.2.204,GOLD
CUST-10066,04/16/2022,DEV-293527,192.168.166.187,Silver
CUST-10067,04-06-2023,DEV-180850,192.168.204.170,GOLD
CUST-10068,29-07-2022,DEV-370855,192.168.209.20,
CUST-10069,2023-07-02,DEV-504172,192.168.130.160,
CUST-10070,11/27/2024,DEV-365659,192.168.37.85,
CUST-10071,06/30/2025,DEV-417314,192.168.246.56,GOLD
CUST-10072,07/11/2025,,192.168.180.118,Gold
CUST-10073,10/11/2022,DEV-708174,192.168.234.128,None
CUST-10074,2023-05-31,DEV-819881,192.168.232.218,silver
CUST-10075,2022-06-12,DEV-723151,192.168.205.91,None
CUST-10076,2024-06-26,DEV-714348,192.168.230.91,silver
CUST-10077,04/21/2022,DEV-856019,192.168.232.82,GOLD
CUST-10078,2023-02-06,DEV-663712,192.168.52.107,Gold
CUST-10079,06/19/2024,,192.168.84.45,Silver
CUST-10080,09/22/2023,DEV-881554,192.168.53.226,Gold
CUST-10081,03/06/2022,DEV-830033,192.168.94.180,GOLD
CUST-10082,09-11-2024,DEV-853470,192.168.57.75,silver
CUST-10083,14-04-2025,DEV-866129,192.168.3.213,Silver
CUST-10084,2022-12-04,DEV-607430,192.168.173.50,
CUST-10085,09/02/2023,DEV-780413,192.168.184.101,Silver
CUST-10086,07/16/2023,DEV-916937,192.168.160.231,
CUST-10087,12-02-2023,DEV-836889,192.168.132.207,None
CUST-10088,2025-06-19,DEV-282003,192.168.189.4,None
CUST-10089,2022-06-28,DEV-421755,192.168.233.149,
CUST-10090,01/16/2024,DEV-586364,192.168.18.164,silver
CUST-10091,15-10-2022,DEV-325965,192.168.54.181,
CUST-10092,08/10/2025,DEV-965663,192.168.39.43,Silver
CUST-10093,2023-04-05,DEV-891729,192.168.140.184,
CUST-10094,05/16/2023,DEV-869214,192.168.53.29,Silver
CUST-10095,04/02/2023,DEV-887268,192.168.85.172,silver
CUST-10096,03-11-2024,DEV-533269,192.168.31.9,None
CUST-10097,09-05-2025,DEV-672241,192.168.32.55,None
CUST-10098,17-06-2025,DEV-679741,192.168.15.136,
CUST-10099,2023-03-08,DEV-623129,192.168.131.154,silver
CUST-10100,13-08-2023,DEV-455161,192.168.75.194,GOLD
CUST-10101,01-12-2022,DEV-941151,192.168.249.69,Gold
CUST-10102,07-11-2025,DEV-585208,192.168.118.122,None
CUST-10103,01-02-2023,DEV-526838,192.168.143.231,silver
CUST-10104,2022-03-30,DEV-620542,192.168.44.210,Gold
CUST-10105,2022-05-12,DEV-861954,192.168.248.163,Gold
CUST-10106,23-04-2022,DEV-989024,192.168.171.194,GOLD
CUST-10107,17-09-2025,DEV-497763,192.168.117.1,silver
CUST-10108,2025-08-14,DEV-734176,192.168.162.80,silver
CUST-10109,08-09-2024,DEV-226807,192.168.48.151,silver
CUST-10110,2023-11-09,DEV-135103,192.168.44.209,None
CUST-10111,2025-01-22,DEV-480968,192.168.223.35,Silver
CUST-10112,08-03-2022,DEV-544712,192.168.178.106,
CUST-10113,11/18/2024,DEV-100673,192.168.41.105,None
CUST-10114,08-02-2025,DEV-771707,192.168.157.68,
CUST-10115,10/12/2025,DEV-502323,192.168.177.166,GOLD
CUST-10116,2024-12-31,DEV-174239,192.168.154.15,
CUST-10117,2023-04-30,DEV-764493,192.168.74.45,
CUST-10118,04/07/2024,DEV-974441,192.168.81.4,Gold
CUST-10119,16-11-2023,DEV-461178,192.168.11.150,Gold
CUST-10120,2024-11-20,DEV-395593,192.168.109.72,GOLD
CUST-10121,30-07-2024,DEV-343222,192.168.12.71,GOLD
CUST-10122,10/31/2023,DEV-931115,192.168.134.244,Gold
CUST-10123,30-09-2023,DEV-898061,192.168.31.129,Silver
CUST-10124,2024-03-03,DEV-918932,192.168.33.213,Silver
CUST-10125,18-07-2022,DEV-192263,192.168.146.220,None
CUST-10126,08-03-2025,,192.168.238.85,Gold
CUST-10127,16-04-2022,DEV-672077,192.168.64.8,
CUST-10128,04/27/2023,DEV-145296,192.168.19.99,None
CUST-10129,2025-05-30,DEV-240988,192.168.187.230,None
CUST-10130,12-04-2023,DEV-597329,192.168.91.74,
CUST-10131,07/09/2025,DEV-682278,192.168.222.164,Silver
CUST-10132,2022-12-15,,192.168.89.64,GOLD
CUST-10133,27-04-2025,DEV-681499,192.168.147.91,Gold
CUST-10134,13-10-2023,DEV-712836,192.168.199.162,None
CUST-10135,08/01/2025,DEV-897069,192.168.126.197,GOLD
CUST-10136,25-11-2023,DEV-904921,192.168.51.233,silver
CUST-10137,11-06-2024,DEV-746199,192.168.104.155,
CUST-10138,31-01-2024,DEV-343960,192.168.136.148,Silver
CUST-10139,02-12-2022,DEV-903439,192.168.61.177,
CUST-10140,01/28/2024,DEV-991303,192.168.251.167,Silver
CUST-10141,04-01-2024,DEV-812405,192.168.126.139,Silver
CUST-10142,21-03-2024,DEV-421695,192.168.2.115,
CUST-10143,29-08-2022,DEV-692089,192.168.112.241,GOLD
CUST-10144,03/10/2023,DEV-883966,192.168.112.57,
CUST-10145,19-08-2024,DEV-314106,192.168.187.92,GOLD
CUST-10146,30-12-2024,DEV-562138,192.168.158.59,Gold
CUST-10147,04-09-2023,DEV-802038,192.168.23.89,Silver
CUST-10148,06/02/2024,DEV-856188,192.168.34.158,Gold
CUST-10149,05-10-2025,DEV-994511,192.168.28.19,silver
CUST-10150,12/14/2024,DEV-922398,192.168.246.74,None
CUST-10151,09/15/2025,DEV-912583,192.168.47.91,Silver
CUST-10152,2023-02-03,DEV-656046,192.168.59.106,None
CUST-10153,06/15/2022,DEV-266677,192.168.245.158,Silver
CUST-10154,2024-12-05,DEV-148701,192.168.180.20,Silver
CUST-10155,2023-09-20,DEV-580981,192.168.223.145,
CUST-10156,25-03-2025,,192.168.132.106,Silver
CUST-10157,2025-06-02,DEV-333857,192.168.57.94,GOLD
CUST-10158,14-07-2024,DEV-724294,192.168.133.222,Silver
CUST-10159,12/29/2022,DEV-367382,192.168.198.227,silver
CUST-10160,2025-01-04,DEV-449802,192.168.39.85,
CUST-10161,2025-04-20,DEV-409929,192.168.188.161,None
CUST-10162,12/10/2023,DEV-262893,192.168.112.185,silver
CUST-10163,10/11/2025,DEV-348284,192.168.214.63,GOLD
CUST-10164,2025-01-19,DEV-121930,192.168.10.162,
CUST-10165,2024-10-15,DEV-704678,192.168.151.38,None
CUST-10166,2024-05-23,DEV-310775,192.168.161.252,Gold
CUST-10167,10-06-2024,DEV-277557,192.168.65.34,Gold
CUST-10168,08/26/2024,DEV-129422,192.168.174.28,None
CUST-10169,22-10-2024,DEV-343550,192.168.225.196,silver
CUST-10170,08/25/2023,DEV-403673,192.168.125.143,Gold
CUST-10171,07/03/2024,DEV-231917,192.168.193.40,
CUST-10172,2023-06-26,DEV-723300,192.168.23.166,Silver
CUST-10173,09/14/2022,DEV-160544,192.168.197.64,Gold
CUST-10174,2024-03-05,DEV-427879,192.168.83.36,Silver
CUST-10175,03/15/2024,DEV-110267,192.168.55.228,
CUST-10176,06/10/2023,DEV-994497,192.168.146.209,None
CUST-10177,25-05-2022,DEV-130434,192.168.58.12,GOLD
CUST-10178,08/14/2024,DEV-107014,192.168.191.121,Silver
CUST-10179,01-06-2022,DEV-168474,192.168.52.214,silver
CUST-10180,03/14/2024,DEV-428413,192.168.195.184,
CUST-10181,31-08-2025,DEV-443188,192.168.239.163,
CUST-10182,21-11-2024,DEV-754879,192.168.181.218,
CUST-10183,14-07-2024,DEV-662734,192.168.11.212,None
CUST-10184,28-08-2022,DEV-880860,192.168.2.141,Gold
CUST-10185,07/29/2024,DEV-435565,192.168.27.155,silver
CUST-10186,07/02/2024,DEV-439783,192.168.130.59,None
CUST-10187,2024-05-13,DEV-610049,192.168.140.153,silver
CUST-10188,2025-08-26,DEV-388578,192.168.128.4,silver
CUST-10189,26-10-2024,DEV-953986,192.168.186.90,None
CUST-10190,08-08-2022,DEV-499692,192.168.217.133,
CUST-10191,12/21/2022,DEV-296902,192.168.147.71,Silver
CUST-10192,2023-07-02,DEV-848682,192.168.105.207,GOLD
CUST-10193,30-07-2022,DEV-108637,192.168.45.5,None
CUST-10194,12-12-2023,DEV-456018,192.168.16.158,GOLD
CUST-10195,13-09-2023,DEV-384186,192.168.25.223,GOLD
CUST-10196,04/02/2023,DEV-812023,192.168.225.229,Gold
CUST-10197,2024-03-12,DEV-176394,192.168.25.223,None
CUST-10198,2022-06-20,DEV-131737,192.168.184.31,
CUST-10199,03/27/2025,DEV-335129,192.168.127.86,GOLD
CUST-10200,01-02-2022,,192.168.31.23,GOLD
CUST-10201,10/05/2025,DEV-481817,192.168.217.191,Silver
CUST-10202,06/16/2025,DEV-401836,192.168.36.133,Gold
CUST-10203,07/28/2023,DEV-939954,192.168.84.224,Gold
CUST-10204,04/19/2025,,192.168.112.214,Silver
CUST-10205,10/24/2024,DEV-532456,192.168.123.172,None
CUST-10206,12/07/2024,DEV-595133,192.168.99.198,None
CUST-10207,11-05-2022,DEV-392044,192.168.171.202,Silver
CUST-10208,2023-09-22,DEV-499749,192.168.50.110,None
CUST-10209,05/24/2024,DEV-842371,192.168.204.46,
CUST-10210,2022-05-30,DEV-449137,192.168.94.170,silver
CUST-10211,2025-08-28,DEV-990462,192.168.240.50,Gold
CUST-10212,02/10/2025,DEV-622225,192.168.12.4,GOLD
CUST-10213,04-02-2025,,192.168.179.63,
CUST-10214,09-09-2023,DEV-643949,192.168.27.70,
CUST-10215,22-03-2022,DEV-633073,192.168.202.146,Gold
CUST-10216,24-03-2022,DEV-410331,192.168.127.123,
CUST-10217,2025-07-13,DEV-188313,192.168.121.36,silver
CUST-10218,10/10/2024,DEV-792260,192.168.200.206,silver
CUST-10219,17-07-2022,DEV-731714,192.168.176.198,
CUST-10220,04-02-2023,DEV-108306,192.168.167.141,silver
CUST-10221,2023-11-07,DEV-542950,192.168.60.51,None
CUST-10222,05-06-2025,DEV-893536,192.168.21.196,GOLD
CUST-10223,2024-10-11,DEV-407375,192.168.45.114,silver
CUST-10224,08/15/2023,DEV-721057,192.168.105.122,Gold
CUST-10225,2025-09-20,DEV-572264,192.168.36.80,GOLD
CUST-10226,26-08-2025,DEV-264774,192.168.204.216,None
CUST-10227,2024-12-04,DEV-508750,192.168.151.176,GOLD
CUST-10228,04/17/2025,DEV-429796,192.168.40.81,None
CUST-10229,05/22/2022,DEV-680619,192.168.18.224,
CUST-10230,04/11/2024,DEV-624516,192.168.11.173,
CUST-10231,05/21/2022,DEV-930580,192.168.21.59,silver
CUST-10232,04/27/2025,DEV-735925,192.168.77.166,
CUST-10233,2025-02-19,DEV-391844,192.168.92.198,None
CUST-10234,04-06-2023,DEV-462620,192.168.127.182,
CUST-10235,01/18/2023,DEV-786343,192.168.4.194,None
CUST-10236,30-08-2022,DEV-676645,192.168.211.221,silver
CUST-10237,2025-01-07,DEV-713710,192.168.83.15,Gold
CUST-10238,02/21/2023,DEV-600806,192.168.233.42,None
CUST-10239,06/20/2024,DEV-687561,192.168.124.196,
CUST-10240,04-11-2025,DEV-711234,192.168.179.181,GOLD
CUST-10241,2022-09-13,DEV-784343,192.168.110.242,silver
CUST-10242,2022-05-21,DEV-109647,192.168.19.67,GOLD
CUST-10243,04-07-2022,DEV-652762,192.168.104.201,Silver
CUST-10244,05-10-2022,DEV-692135,192.168.194.176,silver
CUST-10245,08/01/2025,DEV-132254,192.168.73.20,Gold
CUST-10246,17-08-2025,DEV-811438,192.168.70.4,Gold
CUST-10247,02/22/2022,DEV-241630,192.168.161.204,Gold
CUST-10248,2022-09-24,DEV-599459,192.168.63.132,GOLD
CUST-10249,17-09-2023,DEV-239359,192.168.56.112,Gold
CUST-10250,02-03-2022,DEV-747846,192.168.149.248,
CUST-10251,04/30/2024,DEV-795340,192.168.106.73,Gold
CUST-10252,03/06/2025,DEV-985976,192.168.124.55,GOLD
CUST-10253,08/06/2023,DEV-234712,192.168.173.206,silver
CUST-10254,04/01/2022,DEV-361188,192.168.229.203,GOLD
CUST-10255,29-11-2024,DEV-127502,192.168.161.55,Silver
CUST-10256,2022-04-10,DEV-836589,192.168.77.16,Silver
CUST-10257,2022-06-25,DEV-312018,192.168.98.234,silver
CUST-10258,2023-06-28,DEV-152955,192.168.49.181,GOLD
CUST-10259,25-10-2024,DEV-299440,192.168.127.230,
CUST-10260,24-05-2025,DEV-725609,192.168.140.135,
CUST-10261,03-03-2024,DEV-939929,192.168.64.218,None
CUST-10262,08/30/2025,DEV-688691,192.168.228.52,Gold
CUST-10263,08/28/2023,DEV-748291,192.168.3.119,silver
CUST-10264,2023-10-25,DEV-801499,192.168.111.117,silver
CUST-10265,2022-07-01,DEV-439322,192.168.42.164,None
CUST-10266,02-06-2024,DEV-630497,192.168.95.184,silver
CUST-10267,2022-08-05,DEV-867500,192.168.138.106,Gold
CUST-10268,01/24/2024,DEV-177818,192.168.21.96,GOLD
CUST-10269,22-08-2023,DEV-280000,192.168.150.235,
CUST-10270,2025-03-29,DEV-798736,192.168.54.36,silver
CUST-10271,18-08-2024,DEV-789860,192.168.202.64,Gold
CUST-10272,02/27/2024,DEV-797040,192.168.199.250,GOLD
CUST-10273,08/28/2025,DEV-291796,192.168.74.171,GOLD
CUST-10274,24-03-2023,DEV-780881,192.168.112.46,silver
CUST-10275,2025-06-11,DEV-266417,192.168.85.191,silver
CUST-10276,2023-11-03,DEV-750651,192.168.74.105,GOLD
CUST-10277,11/29/2024,DEV-496337,192.168.226.89,Silver
CUST-10278,27-10-2022,DEV-421092,192.168.63.244,
CUST-10279,15-10-2023,DEV-346534,192.168.16.38,silver
CUST-10280,29-03-2022,DEV-996298,192.168.233.139,Silver
CUST-10281,2023-08-07,DEV-448544,192.168.215.170,Gold
CUST-10282,06/04/2024,DEV-468765,192.168.63.140,None
CUST-10283,30-09-2025,DEV-487977,192.168.19.50,silver
CUST-10284,10/08/2023,DEV-170172,192.168.14.138,None
CUST-10285,02/20/2023,DEV-544254,192.168.249.213,Gold
CUST-10286,28-09-2022,DEV-739599,192.168.88.62,
CUST-10287,12/14/2022,DEV-664904,192.168.162.207,GOLD
CUST-10288,2022-02-01,DEV-202451,192.168.103.80,None
CUST-10289,2024-07-12,DEV-688526,192.168.241.162,Gold
CUST-10290,05/08/2023,DEV-819644,192.168.102.254,silver
CUST-10291,20-03-2023,,192.168.212.53,silver
CUST-10292,03/18/2024,DEV-904400,192.168.144.131,None
CUST-10293,2022-03-25,DEV-596507,192.168.177.251,None
CUST-10294,09/24/2023,DEV-729157,192.168.250.47,None
CUST-10295,03-07-2023,DEV-802084,192.168.10.99,
CUST-10296,2024-11-20,DEV-997780,192.168.253.122,Gold
CUST-10297,2022-03-25,DEV-815093,192.168.137.246,Gold
CUST-10298,04-01-2025,DEV-737192,192.168.122.17,Silver
CUST-10299,14-10-2022,DEV-433801,192.168.247.134,None
CUST-10300,2022-04-30,DEV-890173,192.168.48.231,GOLD
CUST-10301,07/02/2025,DEV-643189,192.168.177.199,Gold
CUST-10302,07/18/2022,DEV-481768,192.168.149.105,Gold
CUST-10303,18-05-2025,DEV-854420,192.168.27.218,Gold
CUST-10304,01-12-2023,DEV-898903,192.168.137.56,None
CUST-10305,10/15/2022,DEV-885980,192.168.244.157,GOLD
CUST-10306,21-03-2023,DEV-444983,192.168.189.122,silver
CUST-10307,08/06/2022,DEV-893963,192.168.255.143,GOLD
CUST-10308,11/08/2024,DEV-854120,192.168.14.167,GOLD
CUST-10309,2023-10-21,DEV-723768,192.168.49.241,
CUST-10310,07/05/2025,DEV-777385,192.168.243.110,Gold
CUST-10311,02/26/2023,DEV-573007,192.168.117.183,Silver
CUST-10312,09-05-2022,DEV-294272,192.168.227.165,None
CUST-10313,06/24/2022,DEV-471080,192.168.6.41,GOLD
CUST-10314,16-01-2024,DEV-351266,192.168.220.4,silver
CUST-10315,2025-04-07,DEV-557847,192.168.187.15,Silver
CUST-10316,2025-05-08,DEV-519325,192.168.33.221,Gold
CUST-10317,09-12-2023,DEV-801071,192.168.84.229,silver
CUST-10318,10/23/2023,DEV-787041,192.168.207.64,Gold
CUST-10319,27-10-2025,DEV-534403,192.168.189.43,Gold
CUST-10320,2023-01-20,DEV-814371,192.168.26.104,GOLD
CUST-10321,23-11-2023,DEV-735477,192.168.15.139,
CUST-10322,19-09-2022,DEV-811626,192.168.247.199,Gold
CUST-10323,2025-04-29,DEV-496998,192.168.251.107,Gold
CUST-10324,30-09-2025,DEV-650410,192.168.30.246,silver
CUST-10325,11-07-2024,DEV-241927,192.168.169.23,Silver
CUST-10326,2025-03-23,DEV-804264,192.168.218.57,Gold
CUST-10327,03/29/2022,DEV-447724,192.168.163.212,Gold
CUST-10328,06/22/2024,DEV-299792,192.168.130.142,GOLD
CUST-10329,10/06/2023,DEV-824634,192.168.250.164,None
CUST-10330,30-04-2022,DEV-422786,192.168.121.49,None
CUST-10331,2024-01-08,DEV-475452,192.168.233.129,silver
CUST-10332,10/26/2022,DEV-829501,192.168.206.27,silver
CUST-10333,2024-08-09,DEV-886898,192.168.35.126,
CUST-10334,17-02-2022,DEV-162841,192.168.123.150,
CUST-10335,08-11-2023,DEV-905331,192.168.144.142,
CUST-10336,19-09-2024,DEV-590089,192.168.46.42,Silver
CUST-10337,2024-10-27,DEV-840608,192.168.116.23,Silver
CUST-10338,2024-12-28,DEV-359796,192.168.34.100,Silver
CUST-10339,09/10/2025,DEV-260867,192.168.217.238,Gold
CUST-10340,2023-01-08,DEV-528731,192.168.198.23,None
CUST-10341,17-01-2023,DEV-949672,192.168.196.94,Gold
CUST-10342,2024-08-11,DEV-147396,192.168.154.172,None
CUST-10343,2022-02-25,DEV-820944,192.168.252.146,Silver
CUST-10344,2025-04-06,DEV-828698,192.168.148.55,Silver
CUST-10345,2025-05-15,DEV-248550,192.168.199.73,Gold
CUST-10346,23-12-2023,DEV-751000,192.168.102.155,Gold
CUST-10347,2025-01-29,DEV-295761,192.168.129.241,GOLD
CUST-10348,2023-04-13,DEV-925669,192.168.167.81,None
CUST-10349,01-12-2023,DEV-242676,192.168.116.250,GOLD
CUST-10350,05/27/2023,DEV-155745,192.168.73.49,Gold
CUST-10351,2023-01-06,DEV-482129,192.168.121.135,None
CUST-10352,28-05-2024,DEV-384047,192.168.11.152,GOLD
CUST-10353,18-04-2022,DEV-401297,192.168.187.136,Silver
CUST-10354,2022-12-27,DEV-858652,192.168.25.212,GOLD
CUST-10355,02/26/2023,DEV-665201,192.168.182.131,Gold
CUST-10356,2024-11-20,DEV-544536,192.168.53.71,GOLD
CUST-10357,02/21/2023,,192.168.7.2,Gold
CUST-10358,2024-05-07,DEV-110629,192.168.103.88,Silver
CUST-10359,12/24/2022,DEV-722379,192.168.23.117,None
CUST-10360,07-04-2025,DEV-950456,192.168.27.236,GOLD
CUST-10361,09/28/2022,DEV-816550,192.168.226.54,Gold
CUST-10362,2022-09-13,DEV-931365,192.168.100.44,None
CUST-10363,2022-06-04,DEV-568408,192.168.45.20,GOLD
CUST-10364,2025-03-19,DEV-139301,192.168.187.165,Gold
CUST-10365,11/26/2022,,192.168.182.68,
CUST-10366,2024-04-06,DEV-562510,192.168.195.114,None
CUST-10367,2024-08-31,DEV-179272,192.168.141.7,GOLD
CUST-10368,09/26/2025,DEV-923005,192.168.237.151,Silver
CUST-10369,2025-08-16,DEV-473542,192.168.207.83,Gold
CUST-10370,02/25/2023,DEV-130100,192.168.24.225,GOLD
CUST-10371,26-08-2025,DEV-589972,192.168.65.135,GOLD
CUST-10372,04/28/2022,DEV-512430,192.168.205.164,None
CUST-10373,2022-02-28,DEV-944651,192.168.65.51,GOLD
CUST-10374,29-04-2024,DEV-483313,192.168.202.137,
CUST-10375,2024-04-10,DEV-322202,192.168.253.23,
CUST-10376,26-06-2023,DEV-376320,192.168.234.73,silver
CUST-10377,09-01-2024,DEV-254284,192.168.67.6,Gold
CUST-10378,2022-06-13,DEV-790847,192.168.97.36,Gold
CUST-10379,2023-09-17,DEV-877140,192.168.116.89,GOLD
CUST-10380,01-01-2023,DEV-634957,192.168.47.176,silver
CUST-10381,23-12-2023,DEV-913474,192.168.124.85,silver
CUST-10382,22-08-2024,DEV-892901,192.168.94.57,Silver
CUST-10383,2023-10-20,DEV-304249,192.168.241.252,GOLD
CUST-10384,02/26/2025,DEV-682708,192.168.164.170,GOLD
CUST-10385,05/25/2022,DEV-204520,192.168.117.8,Gold
CUST-10386,06/30/2022,DEV-711369,192.168.135.119,
CUST-10387,02/25/2022,DEV-641157,192.168.127.100,Silver
CUST-10388,29-08-2024,DEV-430274,192.168.36.1,Silver
CUST-10389,02/15/2024,DEV-185600,192.168.50.242,GOLD
CUST-10390,12/20/2023,DEV-378767,192.168.48.17,silver
CUST-10391,01/16/2024,DEV-772093,192.168.166.12,silver
CUST-10392,11/16/2022,DEV-121760,192.168.41.206,Gold
CUST-10393,07/20/2024,DEV-781463,192.168.217.17,
CUST-10394,2022-02-05,,192.168.114.16,GOLD
CUST-10395,11/09/2024,DEV-644530,192.168.40.195,GOLD
CUST-10396,18-09-2025,DEV-266437,192.168.214.184,silver
CUST-10397,11/18/2025,DEV-381134,192.168.29.234,
CUST-10398,30-03-2023,DEV-156548,192.168.119.83,GOLD
CUST-10399,2025-09-05,DEV-108361,192.168.219.232,
CUST-10400,2024-06-16,DEV-316587,192.168.138.203,GOLD
CUST-10401,25-12-2023,DEV-896326,192.168.130.215,Silver
CUST-10402,09-02-2022,DEV-316939,192.168.222.109,silver
CUST-10403,2023-04-24,DEV-371101,192.168.148.137,None
CUST-10404,05/21/2025,DEV-656019,192.168.68.137,Silver
CUST-10405,23-05-2024,DEV-526736,192.168.20.213,silver
CUST-10406,2024-03-30,DEV-483103,192.168.18.153,Silver
CUST-10407,2024-02-01,DEV-180632,192.168.201.39,GOLD
CUST-10408,08/02/2023,DEV-975870,192.168.12.185,
CUST-10409,2022-05-13,DEV-492245,192.168.136.170,Gold
CUST-10410,24-05-2024,DEV-233611,192.168.180.80,
CUST-10411,2022-09-11,DEV-149704,192.168.200.220,Silver
CUST-10412,2023-12-27,DEV-216077,192.168.233.135,None
CUST-10413,11-03-2023,DEV-471325,192.168.217.70,silver
CUST-10414,10/06/2023,,192.168.249.232,GOLD
CUST-10415,2024-05-21,DEV-780166,192.168.159.57,
CUST-10416,08/14/2023,DEV-856801,192.168.140.156,Gold
CUST-10417,13-02-2025,DEV-460046,192.168.28.58,Gold
CUST-10418,2022-07-04,DEV-179518,192.168.244.197,None
CUST-10419,04/27/2022,,192.168.255.168,Silver
CUST-10420,05/21/2024,DEV-440041,192.168.179.94,silver
CUST-10421,08/21/2025,DEV-924235,192.168.102.127,GOLD
CUST-10422,2023-01-10,DEV-297801,192.168.231.50,Gold
CUST-10423,15-10-2022,DEV-543992,192.168.51.64,GOLD
CUST-10424,02-02-2024,DEV-144213,192.168.251.253,GOLD
CUST-10425,23-04-2023,DEV-573862,192.168.224.73,
CUST-10426,31-03-2024,DEV-628795,192.168.50.33,Silver
CUST-10427,09-07-2024,,192.168.240.212,GOLD
CUST-10428,05/02/2025,,192.168.7.7,None
CUST-10429,06/05/2024,DEV-364947,192.168.70.4,silver
CUST-10430,01-06-2022,,192.168.151.128,GOLD
CUST-10431,03/07/2024,DEV-133446,192.168.158.33,
CUST-10432,03-08-2022,DEV-298920,192.168.217.70,Gold
CUST-10433,08-02-2025,DEV-754054,192.168.64.173,None
CUST-10434,2022-08-16,DEV-604565,192.168.24.222,
CUST-10435,06/14/2024,DEV-425763,192.168.94.6,GOLD
CUST-10436,08/28/2025,,192.168.153.163,None
CUST-10437,08-09-2024,DEV-661118,192.168.239.16,Silver
CUST-10438,24-03-2024,DEV-493201,192.168.238.80,Gold
CUST-10439,2024-09-10,DEV-358053,192.168.70.68,silver
CUST-10440,24-02-2022,DEV-248188,192.168.1.129,None
CUST-10441,04-04-2023,DEV-975423,192.168.154.26,None
CUST-10442,29-07-2023,DEV-762429,192.168.246.118,None
CUST-10443,2024-11-05,DEV-629934,192.168.77.72,Silver
CUST-10444,07-05-2022,DEV-310792,192.168.37.12,
CUST-10445,04/08/2023,DEV-625000,192.168.61.46,silver
CUST-10446,02/23/2025,DEV-539471,192.168.245.128,silver
CUST-10447,2024-08-29,DEV-288622,192.168.171.74,None
CUST-10448,2022-02-17,DEV-536302,192.168.6.137,
CUST-10449,29-11-2024,DEV-812310,192.168.216.246,silver
CUST-10450,01-12-2023,DEV-197255,192.168.192.2,None
CUST-10451,08-08-2024,DEV-987063,192.168.25.23,GOLD
CUST-10452,02-08-2023,DEV-456965,192.168.238.134,None
CUST-10453,28-08-2023,DEV-423378,192.168.16.172,GOLD
CUST-10454,08/20/2025,DEV-576726,192.168.11.85,Gold
CUST-10455,2023-07-24,DEV-273934,192.168.96.217,Silver
CUST-10456,05/29/2025,DEV-656754,192.168.167.220,Silver
CUST-10457,19-03-2022,DEV-990172,192.168.25.35,Gold
CUST-10458,2025-02-02,DEV-170272,192.168.90.189,GOLD
CUST-10459,10/16/2022,,192.168.154.48,None
CUST-10460,01/25/2024,DEV-891451,192.168.62.61,
CUST-10461,27-06-2023,DEV-997896,192.168.38.83,Silver
CUST-10462,04/11/2025,DEV-239508,192.168.75.163,Silver
CUST-10463,09-07-2025,DEV-386004,192.168.71.206,
CUST-10464,2025-05-05,DEV-343143,192.168.113.31,GOLD
CUST-10465,12/25/2024,DEV-200166,192.168.69.59,GOLD
CUST-10466,2023-01-01,DEV-807902,192.168.131.46,GOLD
CUST-10467,07-10-2025,DEV-593698,192.168.237.96,Gold
CUST-10468,02/28/2023,DEV-157759,192.168.110.232,None
CUST-10469,2023-03-03,DEV-717696,192.168.80.68,
CUST-10470,2024-01-05,DEV-742555,192.168.104.239,silver
CUST-10471,2024-02-26,DEV-105213,192.168.111.71,
CUST-10472,05/02/2024,DEV-272048,192.168.14.54,None
CUST-10473,01/28/2025,DEV-368012,192.168.212.102,Silver
CUST-10474,01/26/2025,DEV-469566,192.168.39.115,Gold
CUST-10475,2023-03-11,DEV-934511,192.168.30.56,None
CUST-10476,2025-05-24,DEV-915988,192.168.171.194,silver
CUST-10477,01/23/2023,DEV-761889,192.168.16.72,
CUST-10478,21-10-2023,DEV-718495,192.168.69.53,
CUST-10479,2024-08-26,DEV-267818,192.168.226.177,None
CUST-10480,2024-01-23,DEV-174834,192.168.35.138,None
CUST-10481,2025-08-18,DEV-523454,192.168.37.46,GOLD
CUST-10482,09/03/2025,DEV-263530,192.168.158.174,GOLD
CUST-10483,2025-05-11,DEV-778383,192.168.170.118,None
CUST-10484,2024-09-17,DEV-215472,192.168.162.213,Silver
CUST-10485,04/04/2023,DEV-926468,192.168.86.220,GOLD
CUST-10486,2023-10-25,,192.168.243.42,GOLD
CUST-10487,08/07/2024,DEV-600227,192.168.200.18,Silver
CUST-10488,2022-04-07,DEV-157806,192.168.99.179,silver
CUST-10489,2025-10-03,DEV-117412,192.168.120.138,silver
CUST-10490,2024-08-18,,192.168.224.92,Silver
CUST-10491,18-11-2025,DEV-442823,192.168.232.2,silver
CUST-10492,2022-08-27,DEV-374361,192.168.69.75,
CUST-10493,2024-12-12,DEV-946619,192.168.181.123,None
CUST-10494,2023-05-30,DEV-675403,192.168.100.192,None
CUST-10495,09/10/2024,DEV-830753,192.168.109.151,None
CUST-10496,10/18/2022,DEV-738776,192.168.6.195,
CUST-10497,2025-08-18,DEV-148928,192.168.130.73,GOLD
CUST-10498,26-01-2022,DEV-658658,192.168.168.181,None
CUST-10499,2023-07-26,DEV-828977,192.168.228.179,None
CUST-10500,15-08-2023,DEV-265602,192.168.65.150,
CUST-10501,06/28/2022,DEV-200184,192.168.185.68,GOLD
CUST-10502,2025-11-15,DEV-396296,192.168.162.47,GOLD
CUST-10503,2025-01-13,DEV-880973,192.168.192.204,
CUST-10504,09/18/2025,DEV-503072,192.168.185.142,
CUST-10505,27-10-2023,DEV-354606,192.168.32.213,Silver
CUST-10506,2024-02-02,DEV-726922,192.168.134.108,None
CUST-10507,2024-08-11,DEV-212804,192.168.16.51,Silver
CUST-10508,07/29/2023,DEV-226953,192.168.172.27,None
CUST-10509,07-11-2023,DEV-358165,192.168.244.74,GOLD
CUST-10510,2023-06-06,DEV-899824,192.168.39.71,GOLD
CUST-10511,03/11/2022,DEV-532080,192.168.45.156,
CUST-10512,04/03/2022,DEV-205916,192.168.59.170,Silver
CUST-10513,03-03-2025,DEV-252421,192.168.119.87,silver
CUST-10514,25-10-2022,DEV-430639,192.168.152.11,Gold
CUST-10515,23-07-2024,DEV-776892,192.168.59.106,silver
CUST-10516,11/18/2025,DEV-320682,192.168.146.157,GOLD
CUST-10517,30-07-2025,DEV-498412,192.168.15.194,silver
CUST-10518,2022-05-21,DEV-589131,192.168.198.138,Gold
CUST-10519,17-10-2025,DEV-306377,192.168.228.199,
CUST-10520,2024-11-23,DEV-730120,192.168.5.121,Gold
CUST-10521,2025-09-23,DEV-731224,192.168.187.74,Silver
CUST-10522,03/06/2024,DEV-474888,192.168.71.85,Silver
CUST-10523,22-12-2022,DEV-139867,192.168.98.57,silver
CUST-10524,2024-04-10,DEV-316200,192.168.154.124,Silver
CUST-10525,2025-03-27,DEV-680808,192.168.35.118,Silver
CUST-10526,2023-02-25,DEV-784363,192.168.150.197,Silver
CUST-10527,23-05-2023,DEV-132452,192.168.243.179,Gold
CUST-10528,2024-01-31,DEV-799626,192.168.71.224,Gold
CUST-10529,2023-12-11,DEV-876489,192.168.113.79,GOLD
CUST-10530,03/13/2025,,192.168.181.71,silver
CUST-10531,19-10-2023,DEV-451129,192.168.26.109,
CUST-10532,2024-02-12,DEV-338359,192.168.188.64,Silver
CUST-10533,18-01-2024,DEV-268691,192.168.220.240,Gold
CUST-10534,2024-04-02,DEV-351355,192.168.84.64,Gold
CUST-10535,2025-08-06,,192.168.16.63,
CUST-10536,20-09-2022,DEV-592722,192.168.233.162,Silver
CUST-10537,19-02-2022,DEV-273264,192.168.26.45,silver
CUST-10538,16-12-2022,,192.168.125.5,
CUST-10539,2022-10-09,DEV-786254,192.168.11.9,Silver
CUST-10540,11-03-2024,DEV-836723,192.168.128.208,
CUST-10541,2023-08-07,DEV-476285,192.168.64.27,GOLD
CUST-10542,04-09-2023,DEV-225211,192.168.31.146,Silver
CUST-10543,02/27/2024,DEV-355539,192.168.161.174,Silver
CUST-10544,12/01/2022,DEV-774649,192.168.237.226,None
CUST-10545,04/04/2022,DEV-336644,192.168.215.18,Silver
CUST-10546,23-11-2025,DEV-563004,192.168.4.39,None
CUST-10547,08-01-2024,DEV-270253,192.168.193.107,None
CUST-10548,04/03/2024,DEV-221560,192.168.87.147,silver
CUST-10549,12/12/2022,DEV-981707,192.168.134.86,
CUST-10550,2022-09-01,DEV-934380,192.168.14.252,None
CUST-10551,27-06-2023,DEV-653738,192.168.184.195,
CUST-10552,01/27/2025,DEV-854644,192.168.13.140,silver
CUST-10553,2022-10-04,DEV-678621,192.168.156.207,silver
CUST-10554,04/10/2022,DEV-487203,192.168.14.230,Silver
CUST-10555,2023-07-09,DEV-380679,192.168.138.31,silver
CUST-10556,09/15/2025,DEV-891330,192.168.91.116,Silver
CUST-10557,09/03/2023,DEV-979587,192.168.162.40,GOLD
CUST-10558,01/13/2023,DEV-124861,192.168.52.171,None
CUST-10559,30-03-2025,DEV-907760,192.168.17.216,Gold
CUST-10560,10/23/2025,DEV-910317,192.168.91.233,GOLD
CUST-10561,19-12-2023,DEV-582539,192.168.2.166,Gold
CUST-10562,2022-07-08,DEV-368548,192.168.185.85,Gold
CUST-10563,05/05/2025,DEV-165164,192.168.134.192,None
CUST-10564,01/03/2024,DEV-254737,192.168.188.41,Silver
CUST-10565,27-10-2025,DEV-841350,192.168.46.50,silver
CUST-10566,2024-10-11,DEV-244421,192.168.118.241,GOLD
CUST-10567,25-03-2023,DEV-423528,192.168.91.253,Silver
CUST-10568,11/22/2025,DEV-784174,192.168.248.134,Silver
CUST-10569,2022-02-11,DEV-393880,192.168.16.55,GOLD
CUST-10570,2024-04-29,DEV-201420,192.168.182.140,Silver
CUST-10571,11/25/2022,DEV-709371,192.168.57.207,Gold
CUST-10572,2023-12-11,DEV-812863,192.168.21.181,Gold
CUST-10573,2022-12-04,DEV-215842,192.168.27.78,Silver
CUST-10574,2023-07-28,,192.168.243.78,Silver
CUST-10575,26-10-2023,DEV-640639,192.168.170.155,Gold
CUST-10576,01/03/2023,DEV-821884,192.168.194.125,None
CUST-10577,2022-10-22,DEV-886979,192.168.189.99,None
CUST-10578,04/03/2024,DEV-593947,192.168.114.205,silver
CUST-10579,2024-08-28,DEV-225409,192.168.146.148,Silver
CUST-10580,04-03-2023,DEV-517749,192.168.59.227,Gold
CUST-10581,20-11-2025,DEV-722224,192.168.218.131,Silver
CUST-10582,2024-01-15,DEV-315825,192.168.9.250,
CUST-10583,17-04-2024,DEV-581759,192.168.126.224,Silver
CUST-10584,04-08-2022,DEV-781069,192.168.46.162,Silver
CUST-10585,2023-03-04,DEV-325427,192.168.232.105,None
CUST-10586,2023-09-30,DEV-567778,192.168.19.123,Gold
CUST-10587,26-10-2024,DEV-201866,192.168.113.41,Gold
CUST-10588,2022-09-23,DEV-227153,192.168.48.87,
CUST-10589,2025-10-08,DEV-141467,192.168.166.233,silver
CUST-10590,2023-06-30,DEV-855388,192.168.255.208,
CUST-10591,03-05-2024,DEV-798654,192.168.249.166,Gold
CUST-10592,10-11-2023,DEV-915540,192.168.199.125,GOLD
CUST-10593,04/15/2025,DEV-688499,192.168.180.142,Gold
CUST-10594,09-04-2025,DEV-780878,192.168.65.44,None
CUST-10595,2022-06-20,DEV-665850,192.168.45.63,Silver
CUST-10596,09-08-2024,DEV-555442,192.168.75.144,None
CUST-10597,06/28/2023,DEV-460603,192.168.126.90,Gold
CUST-10598,2022-02-19,DEV-140286,192.168.242.237,GOLD
CUST-10599,01/18/2023,DEV-615078,192.168.219.16,GOLD
CUST-10600,03/15/2023,DEV-635538,192.168.32.103,Gold
CUST-10601,2022-09-28,DEV-666681,192.168.76.113,silver
CUST-10602,2023-03-30,DEV-717372,192.168.227.33,silver
CUST-10603,2024-12-06,DEV-499083,192.168.165.200,GOLD
CUST-10604,02/19/2024,DEV-968707,192.168.189.20,silver
CUST-10605,07/19/2025,,192.168.65.25,None
CUST-10606,27-04-2025,DEV-198540,192.168.216.202,Silver
CUST-10607,12/25/2024,DEV-536182,192.168.185.185,
CUST-10608,2023-01-19,DEV-106090,192.168.43.117,Silver
CUST-10609,28-02-2024,DEV-815548,192.168.59.77,None
CUST-10610,04/26/2025,,192.168.35.55,silver
CUST-10611,30-12-2024,DEV-717249,192.168.22.148,Silver
CUST-10612,2024-12-11,DEV-194055,192.168.202.238,Silver
CUST-10613,2022-09-01,DEV-730623,192.168.120.214,Gold
CUST-10614,02/23/2024,DEV-126922,192.168.6.164,Silver
CUST-10615,13-09-2022,,192.168.92.8,None
CUST-10616,20-01-2024,DEV-947239,192.168.161.34,
CUST-10617,2024-07-08,DEV-363101,192.168.239.29,None
CUST-10618,2022-03-15,DEV-778731,192.168.219.207,silver
CUST-10619,05-12-2024,DEV-550219,192.168.171.254,GOLD
CUST-10620,2022-07-11,DEV-146254,192.168.183.79,None
CUST-10621,08-12-2022,DEV-772651,192.168.49.122,Gold
CUST-10622,01/28/2023,DEV-670051,192.168.170.108,silver
CUST-10623,07-07-2024,DEV-357843,192.168.115.172,GOLD
CUST-10624,28-07-2022,DEV-408624,192.168.87.56,Silver
CUST-10625,11/01/2023,DEV-462112,192.168.158.130,silver
CUST-10626,15-07-2023,DEV-973238,192.168.6.54,silver
CUST-10627,03/06/2025,DEV-680301,192.168.227.83,
CUST-10628,01/23/2023,DEV-148075,192.168.211.157,None
CUST-10629,28-12-2022,DEV-305157,192.168.35.172,
CUST-10630,2024-06-08,DEV-249545,192.168.97.52,GOLD
CUST-10631,09-11-2025,DEV-335968,192.168.237.60,Gold
CUST-10632,2024-11-12,DEV-540493,192.168.125.219,Silver
CUST-10633,2022-11-08,DEV-717878,192.168.75.213,None
CUST-10634,27-09-2022,DEV-161429,192.168.102.154,
CUST-10635,23-03-2023,DEV-305227,192.168.123.76,Silver
CUST-10636,2023-02-07,DEV-145179,192.168.34.243,Gold
CUST-10637,2022-03-29,DEV-579989,192.168.31.112,GOLD
CUST-10638,2022-10-15,DEV-974399,192.168.202.11,silver
CUST-10639,2025-03-20,DEV-582506,192.168.251.175,Silver
CUST-10640,2023-10-24,DEV-545962,192.168.233.150,silver
CUST-10641,2024-09-10,DEV-924696,192.168.175.237,Silver
CUST-10642,2022-04-14,DEV-422860,192.168.117.75,None
CUST-10643,08/20/2022,DEV-495090,192.168.124.148,GOLD
CUST-10644,05/18/2022,DEV-634790,192.168.146.65,silver
CUST-10645,15-04-2025,DEV-708633,192.168.120.53,
CUST-10646,19-03-2024,DEV-408234,192.168.34.78,Gold
CUST-10647,01/25/2023,DEV-338567,192.168.252.174,GOLD
CUST-10648,2023-03-04,DEV-898380,192.168.99.4,Gold
CUST-10649,01-05-2022,DEV-426989,192.168.126.54,silver
CUST-10650,2022-11-08,DEV-383239,192.168.184.137,GOLD
CUST-10651,11/18/2025,DEV-830041,192.168.164.167,GOLD
CUST-10652,2025-05-17,DEV-532863,192.168.10.12,None
CUST-10653,2023-02-03,DEV-753667,192.168.255.136,Gold
CUST-10654,03/01/2024,DEV-705802,192.168.76.184,Silver
CUST-10655,04/27/2025,DEV-407398,192.168.181.95,Silver
CUST-10656,2022-09-09,,192.168.118.200,GOLD
CUST-10657,19-06-2023,DEV-624656,192.168.192.81,Silver
CUST-10658,13-09-2022,DEV-166956,192.168.11.211,None
CUST-10659,2023-10-23,DEV-976737,192.168.54.208,Gold
CUST-10660,2025-01-24,DEV-346362,192.168.23.195,Silver
CUST-10661,15-03-2024,DEV-794311,192.168.201.1,Gold
CUST-10662,07/08/2025,DEV-587984,192.168.182.42,
CUST-10663,04-08-2024,DEV-970626,192.168.135.218,Silver
CUST-10664,2023-04-20,DEV-382147,192.168.77.32,Silver
CUST-10665,2024-05-05,DEV-398473,192.168.8.161,None
CUST-10666,11/10/2025,DEV-854979,192.168.179.129,Gold
CUST-10667,04-12-2022,DEV-943740,192.168.204.72,Silver
CUST-10668,2025-07-25,DEV-468912,192.168.173.149,GOLD
CUST-10669,2025-02-01,DEV-838000,192.168.141.218,Silver
CUST-10670,02/18/2023,DEV-354445,192.168.58.177,None
CUST-10671,15-01-2024,DEV-969288,192.168.157.177,Gold
CUST-10672,03-04-2025,DEV-517308,192.168.145.132,Silver
CUST-10673,02/19/2024,DEV-768046,192.168.122.137,None
CUST-10674,29-01-2023,DEV-450084,192.168.62.105,
CUST-10675,07-10-2022,DEV-329103,192.168.120.114,
CUST-10676,2023-12-16,DEV-253263,192.168.188.13,Silver
CUST-10677,14-05-2023,DEV-448851,192.168.110.204,Gold
CUST-10678,16-06-2023,DEV-812666,192.168.185.193,Gold
CUST-10679,04/30/2024,DEV-706367,192.168.191.35,Silver
CUST-10680,20-10-2022,,192.168.148.16,None
CUST-10681,2024-05-26,DEV-773425,192.168.48.197,
CUST-10682,06/02/2023,DEV-121207,192.168.252.108,Silver
CUST-10683,01/24/2025,DEV-973733,192.168.188.81,Silver
CUST-10684,05-08-2024,DEV-130266,192.168.239.110,GOLD
CUST-10685,2023-01-02,DEV-263951,192.168.39.71,silver
CUST-10686,08/14/2024,DEV-383013,192.168.163.110,silver
CUST-10687,05/04/2023,DEV-416263,192.168.183.197,None
CUST-10688,07/26/2022,DEV-378650,192.168.107.123,silver
CUST-10689,07/11/2024,DEV-550098,192.168.91.196,
CUST-10690,11/15/2025,DEV-249097,192.168.16.120,GOLD
CUST-10691,2022-07-04,DEV-277968,192.168.175.71,
CUST-10692,21-09-2023,DEV-147980,192.168.124.218,GOLD
CUST-10693,09/13/2024,DEV-732576,192.168.97.134,None
CUST-10694,26-05-2025,DEV-309351,192.168.235.28,GOLD
CUST-10695,03/29/2024,DEV-266221,192.168.102.187,Silver
CUST-10696,23-11-2025,DEV-567266,192.168.167.198,Gold
CUST-10697,08/13/2025,DEV-558205,192.168.178.211,silver
CUST-10698,17-11-2024,,192.168.73.172,None
CUST-10699,2024-01-29,DEV-968055,192.168.158.128,
CUST-10700,30-05-2025,DEV-929326,192.168.33.142,None
CUST-10701,2024-05-09,DEV-265863,192.168.172.183,silver
CUST-10702,2022-09-06,DEV-846964,192.168.195.206,None
CUST-10703,2025-02-20,DEV-681739,192.168.2.19,GOLD
CUST-10704,2022-05-14,DEV-357481,192.168.167.101,
CUST-10705,2025-03-28,DEV-913269,192.168.233.224,None
CUST-10706,2023-03-03,DEV-817082,192.168.32.124,None
CUST-10707,2025-03-01,DEV-876954,192.168.199.251,Gold
CUST-10708,07/27/2022,DEV-258594,192.168.201.222,GOLD
CUST-10709,01/31/2025,DEV-946096,192.168.255.112,Gold
CUST-10710,2023-05-12,DEV-721067,192.168.39.3,silver
CUST-10711,10/31/2022,DEV-201269,192.168.58.226,
CUST-10712,11/27/2024,DEV-798037,192.168.223.169,Silver
CUST-10713,10-05-2023,DEV-377213,192.168.132.15,Silver
CUST-10714,05/05/2022,DEV-583207,192.168.227.237,None
CUST-10715,2025-10-05,,192.168.156.255,GOLD
CUST-10716,25-12-2024,DEV-902954,192.168.197.86,
CUST-10717,06/10/2025,DEV-560885,192.168.162.164,None
CUST-10718,2022-11-07,DEV-111731,192.168.177.239,silver
CUST-10719,2024-09-07,DEV-701962,192.168.27.72,
CUST-10720,12/22/2022,DEV-622316,192.168.188.119,None
CUST-10721,12/07/2023,DEV-995935,192.168.56.75,silver
CUST-10722,01/10/2024,DEV-564576,192.168.81.105,
CUST-10723,10/31/2023,DEV-467926,192.168.225.19,Silver
CUST-10724,2024-01-15,DEV-562181,192.168.254.211,None
CUST-10725,2023-10-13,DEV-337420,192.168.174.199,
CUST-10726,29-04-2023,DEV-300186,192.168.168.193,
CUST-10727,2024-10-17,,192.168.184.190,GOLD
CUST-10728,2022-05-16,DEV-298009,192.168.252.112,None
CUST-10729,2024-12-27,DEV-854767,192.168.73.153,Gold
CUST-10730,03-10-2022,DEV-561225,192.168.66.143,Silver
CUST-10731,24-08-2025,DEV-682467,192.168.239.181,Gold
CUST-10732,25-05-2025,DEV-690761,192.168.117.242,silver
CUST-10733,2024-06-01,DEV-935312,192.168.5.22,silver
CUST-10734,2024-08-16,DEV-863369,192.168.72.56,Gold
CUST-10735,02/22/2024,DEV-542065,192.168.142.155,None
CUST-10736,08/10/2022,,192.168.67.193,silver
CUST-10737,2024-03-06,DEV-726550,192.168.141.10,silver
CUST-10738,10/02/2024,DEV-306864,192.168.79.149,
CUST-10739,2024-12-14,DEV-283131,192.168.189.170,Gold
CUST-10740,03-05-2025,DEV-715648,192.168.93.11,Gold
CUST-10741,2022-04-02,DEV-434156,192.168.151.190,Silver
CUST-10742,05/25/2025,DEV-322803,192.168.6.48,
CUST-10743,09/16/2025,DEV-708886,192.168.84.197,silver
CUST-10744,2025-02-09,DEV-618052,192.168.12.10,Gold
CUST-10745,08/30/2024,DEV-393570,192.168.5.250,None
CUST-10746,2023-11-24,DEV-760498,192.168.215.120,
CUST-10747,2024-03-31,DEV-171918,192.168.156.81,GOLD
CUST-10748,2022-11-26,DEV-160293,192.168.138.173,silver
CUST-10749,02/16/2023,DEV-960527,192.168.164.65,GOLD
CUST-10750,09/11/2024,DEV-699847,192.168.125.67,GOLD
CUST-10751,2023-02-23,DEV-232654,192.168.153.109,Gold
CUST-10752,2022-02-07,DEV-566422,192.168.178.37,
CUST-10753,13-07-2024,DEV-869580,192.168.225.96,Gold
CUST-10754,2023-06-08,DEV-150523,192.168.161.88,GOLD
CUST-10755,08/28/2022,DEV-939440,192.168.90.71,
CUST-10756,07-07-2025,DEV-623952,192.168.87.7,silver
CUST-10757,2023-10-10,DEV-903870,192.168.73.56,GOLD
CUST-10758,05-07-2024,DEV-194751,192.168.143.13,None
CUST-10759,03/29/2024,DEV-203224,192.168.136.247,GOLD
CUST-10760,10/10/2024,DEV-889869,192.168.45.205,silver
CUST-10761,21-10-2024,DEV-972547,192.168.96.149,GOLD
CUST-10762,09-03-2025,DEV-835101,192.168.252.134,None
CUST-10763,2022-01-28,DEV-461140,192.168.11.150,None
CUST-10764,2023-10-25,DEV-368972,192.168.234.14,silver
CUST-10765,12/18/2024,DEV-767407,192.168.139.249,None
CUST-10766,08/03/2023,DEV-260855,192.168.32.33,None
CUST-10767,2023-03-31,DEV-161786,192.168.80.152,None
CUST-10768,2022-10-15,DEV-320036,192.168.103.224,None
CUST-10769,2025-09-05,DEV-401277,192.168.23.64,None
CUST-10770,08/20/2024,DEV-497865,192.168.189.122,
CUST-10771,2022-07-05,DEV-939619,192.168.74.235,GOLD
CUST-10772,2023-08-29,DEV-742739,192.168.130.78,
CUST-10773,01/22/2023,DEV-507533,192.168.164.217,None
CUST-10774,16-04-2022,DEV-186971,192.168.197.138,Silver
CUST-10775,10/22/2023,DEV-375326,192.168.128.70,GOLD
CUST-10776,05/27/2022,DEV-656951,192.168.73.231,
CUST-10777,07-01-2025,DEV-283141,192.168.164.238,
CUST-10778,10/12/2024,DEV-899674,192.168.97.38,silver
CUST-10779,26-10-2024,DEV-125580,192.168.180.10,Gold
CUST-10780,2022-03-25,DEV-735087,192.168.91.112,
CUST-10781,30-05-2023,DEV-995765,192.168.136.81,silver
CUST-10782,02/12/2022,DEV-941425,192.168.131.233,Gold
CUST-10783,10-10-2025,DEV-490850,192.168.176.113,
CUST-10784,2025-08-02,DEV-475736,192.168.53.84,Silver
CUST-10785,14-12-2024,DEV-991126,192.168.230.72,silver
CUST-10786,23-03-2023,DEV-840618,192.168.70.97,silver
CUST-10787,08/03/2025,DEV-789735,192.168.33.129,None
CUST-10788,2023-12-20,DEV-772184,192.168.223.22,Silver
CUST-10789,08/04/2023,DEV-225943,192.168.201.63,Silver
CUST-10790,2024-09-14,DEV-280803,192.168.88.137,
CUST-10791,06/05/2025,DEV-619914,192.168.253.234,
CUST-10792,2024-08-12,DEV-374724,192.168.93.117,None
CUST-10793,2022-08-18,DEV-540266,192.168.102.246,GOLD
CUST-10794,19-12-2024,DEV-581739,192.168.36.94,GOLD
CUST-10795,2023-10-29,DEV-900396,192.168.61.225,None
CUST-10796,12-03-2022,DEV-220196,192.168.42.94,Silver
CUST-10797,09/23/2024,DEV-287051,192.168.146.114,None
CUST-10798,10/14/2022,DEV-622923,192.168.87.222,GOLD
CUST-10799,25-03-2023,DEV-126644,192.168.78.195,Gold
CUST-10800,22-09-2023,DEV-690406,192.168.46.14,None
CUST-10801,10/01/2022,DEV-648681,192.168.5.212,
CUST-10802,04/15/2022,DEV-767652,192.168.73.222,silver
CUST-10803,2023-10-09,,192.168.105.126,GOLD
CUST-10804,2023-11-05,DEV-799600,192.168.43.30,GOLD
CUST-10805,09/04/2023,DEV-116159,192.168.153.180,
CUST-10806,2024-04-08,DEV-306627,192.168.187.153,Silver
CUST-10807,2025-10-14,DEV-506653,192.168.116.229,silver
CUST-10808,16-01-2023,,192.168.73.132,None
CUST-10809,2022-12-07,DEV-814866,192.168.32.94,
CUST-10810,2025-03-15,DEV-849876,192.168.188.227,silver
CUST-10811,20-06-2022,DEV-428925,192.168.230.55,None
CUST-10812,2023-07-20,DEV-803187,192.168.181.19,silver
CUST-10813,12/17/2022,DEV-252036,192.168.160.64,silver
CUST-10814,02/19/2023,DEV-193928,192.168.72.214,GOLD
CUST-10815,22-02-2025,DEV-717240,192.168.11.45,silver
CUST-10816,2022-09-22,DEV-777216,192.168.21.44,Gold
CUST-10817,2024-12-01,DEV-999048,192.168.214.82,
CUST-10818,2025-11-20,DEV-475913,192.168.171.5,Gold
CUST-10819,09-11-2023,DEV-937193,192.168.29.52,GOLD
CUST-10820,31-12-2023,DEV-408533,192.168.85.145,
CUST-10821,2022-05-13,DEV-470792,192.168.55.65,GOLD
CUST-10822,10/09/2025,DEV-159733,192.168.52.168,silver
CUST-10823,03-12-2022,DEV-179411,192.168.200.72,silver
CUST-10824,20-05-2024,DEV-767598,192.168.193.165,Silver
CUST-10825,09/01/2022,DEV-996949,192.168.135.99,silver
CUST-10826,2023-11-16,DEV-806747,192.168.90.139,GOLD
CUST-10827,07/31/2022,DEV-589798,192.168.122.140,
CUST-10828,01-04-2023,DEV-146269,192.168.229.12,Silver
CUST-10829,11/03/2022,DEV-248875,192.168.171.189,silver
CUST-10830,11/11/2022,DEV-622656,192.168.94.199,silver
CUST-10831,02/28/2025,DEV-508700,192.168.126.25,Silver
CUST-10832,2022-03-26,DEV-247168,192.168.145.126,GOLD
CUST-10833,02/02/2022,,192.168.121.168,GOLD
CUST-10834,22-06-2025,DEV-437467,192.168.153.146,GOLD
CUST-10835,06/20/2022,DEV-875437,192.168.250.148,
CUST-10836,07/04/2025,DEV-856998,192.168.46.192,GOLD
CUST-10837,09-07-2024,DEV-817511,192.168.213.19,
CUST-10838,22-03-2022,DEV-158691,192.168.63.108,None
CUST-10839,04-07-2025,DEV-123994,192.168.173.10,silver
CUST-10840,15-06-2023,DEV-366814,192.168.132.20,
CUST-10841,26-09-2023,DEV-850606,192.168.208.138,GOLD
CUST-10842,04-01-2023,DEV-666106,192.168.169.160,Silver
CUST-10843,04-03-2023,DEV-443812,192.168.45.189,Gold
CUST-10844,24-03-2023,DEV-127418,192.168.74.212,Silver
CUST-10845,14-03-2025,DEV-810495,192.168.7.108,Silver
CUST-10846,09-09-2023,DEV-706252,192.168.148.161,GOLD
CUST-10847,2023-05-03,DEV-188557,192.168.166.184,Silver
CUST-10848,2025-10-09,DEV-237425,192.168.173.153,None
CUST-10849,2023-01-07,DEV-450768,192.168.76.103,
CUST-10850,2024-11-12,DEV-556191,192.168.255.106,GOLD
CUST-10851,2023-11-29,DEV-710568,192.168.232.148,
CUST-10852,2022-10-18,DEV-337646,192.168.35.210,GOLD
CUST-10853,2022-08-11,DEV-840966,192.168.76.131,silver
CUST-10854,02-07-2025,DEV-457457,192.168.151.187,
CUST-10855,05/10/2025,DEV-428289,192.168.160.209,Gold
CUST-10856,2022-01-29,DEV-937870,192.168.81.135,None
CUST-10857,09/24/2023,DEV-184756,192.168.68.16,Gold
CUST-10858,24-12-2022,DEV-306045,192.168.117.94,GOLD
CUST-10859,11/06/2022,,192.168.101.254,GOLD
CUST-10860,01-07-2022,DEV-592885,192.168.80.4,Silver
CUST-10861,2025-08-09,DEV-958585,192.168.77.133,Silver
CUST-10862,29-09-2022,DEV-322769,192.168.104.179,silver
CUST-10863,09/19/2024,DEV-930196,192.168.132.208,
CUST-10864,17-04-2025,DEV-799541,192.168.91.252,Gold
CUST-10865,2023-03-11,DEV-453581,192.168.148.22,Silver
CUST-10866,2023-08-03,DEV-676355,192.168.40.121,GOLD
CUST-10867,07-08-2024,DEV-749665,192.168.165.57,Gold
CUST-10868,2024-04-24,DEV-975355,192.168.150.172,Silver
CUST-10869,27-06-2023,DEV-962903,192.168.93.36,GOLD
CUST-10870,02/15/2022,DEV-615727,192.168.242.198,
CUST-10871,07/25/2022,DEV-648187,192.168.19.145,Silver
CUST-10872,10/07/2023,DEV-136479,192.168.170.75,Gold
CUST-10873,20-09-2025,DEV-105127,192.168.43.34,
CUST-10874,08/23/2024,DEV-150505,192.168.158.188,silver
CUST-10875,2023-09-02,DEV-300566,192.168.104.237,Silver
CUST-10876,30-07-2024,DEV-343733,192.168.223.101,Gold
CUST-10877,2025-11-07,DEV-576925,192.168.75.160,Gold
CUST-10878,2025-08-11,DEV-659505,192.168.145.20,Gold
CUST-10879,2024-03-04,DEV-230278,192.168.4.151,GOLD
CUST-10880,2022-09-11,DEV-741750,192.168.137.11,silver
CUST-10881,15-08-2022,DEV-499791,192.168.55.173,
CUST-10882,2023-02-02,DEV-336400,192.168.82.107,Silver
CUST-10883,2024-06-07,DEV-968629,192.168.16.110,silver
CUST-10884,07/30/2023,DEV-329221,192.168.109.75,silver
CUST-10885,14-03-2024,DEV-823300,192.168.241.250,Silver
CUST-10886,06/10/2023,DEV-539437,192.168.114.10,None
CUST-10887,14-06-2022,DEV-486764,192.168.245.32,Silver
CUST-10888,11/23/2024,DEV-171737,192.168.108.87,None
CUST-10889,2024-10-08,DEV-281298,192.168.187.232,Gold
CUST-10890,09-10-2023,DEV-872428,192.168.137.198,GOLD
CUST-10891,2025-04-16,DEV-651879,192.168.133.126,
CUST-10892,2024-09-28,DEV-963093,192.168.255.124,Silver
CUST-10893,04/05/2025,DEV-439483,192.168.94.124,
CUST-10894,26-10-2023,DEV-989785,192.168.255.230,GOLD
CUST-10895,18-11-2022,DEV-125089,192.168.154.163,Gold
CUST-10896,12-08-2024,DEV-117647,192.168.175.139,None
CUST-10897,06/16/2025,DEV-848156,192.168.58.103,silver
CUST-10898,06-02-2022,DEV-304328,192.168.174.132,Silver
CUST-10899,14-06-2024,,192.168.229.88,GOLD
CUST-10900,03-06-2023,DEV-856278,192.168.39.20,Gold
CUST-10901,2023-06-25,DEV-157533,192.168.139.120,None
CUST-10902,2024-04-05,DEV-374232,192.168.217.92,Silver
CUST-10903,08/25/2022,DEV-884926,192.168.137.184,Gold
CUST-10904,2022-02-08,DEV-838547,192.168.189.127,Silver
CUST-10905,2024-02-06,DEV-326469,192.168.89.185,Gold
CUST-10906,05-09-2023,DEV-416232,192.168.104.22,Gold
CUST-10907,16-07-2023,DEV-259544,192.168.181.70,Gold
CUST-10908,26-02-2022,,192.168.42.133,Gold
CUST-10909,11/01/2024,DEV-658273,192.168.63.87,silver
CUST-10910,10/13/2022,DEV-505094,192.168.81.161,silver
CUST-10911,01-08-2023,DEV-777340,192.168.93.177,Silver
CUST-10912,11/25/2024,DEV-339078,192.168.122.233,
CUST-10913,2024-10-04,DEV-550550,192.168.33.168,Silver
CUST-10914,02/28/2025,DEV-948686,192.168.214.237,Gold
CUST-10915,2024-02-17,DEV-871277,192.168.108.89,Silver
CUST-10916,09-12-2022,DEV-214741,192.168.22.130,silver
CUST-10917,18-02-2022,DEV-852644,192.168.243.23,silver
CUST-10918,03-03-2023,DEV-794946,192.168.77.240,silver
CUST-10919,04/26/2025,DEV-248005,192.168.191.28,GOLD
CUST-10920,06/18/2024,DEV-346019,192.168.114.235,
CUST-10921,08/26/2023,DEV-365847,192.168.42.213,GOLD
CUST-10922,03-05-2022,DEV-925873,192.168.204.15,None
CUST-10923,03-12-2023,,192.168.227.145,None
CUST-10924,06-02-2022,DEV-830387,192.168.103.158,Silver
CUST-10925,04-10-2025,DEV-291483,192.168.200.29,GOLD
CUST-10926,09-03-2024,DEV-696528,192.168.250.98,silver
CUST-10927,13-06-2023,DEV-677348,192.168.98.100,silver
CUST-10928,2023-07-18,DEV-301785,192.168.246.46,None
CUST-10929,05/02/2025,DEV-804051,192.168.32.191,None
CUST-10930,13-06-2022,DEV-338083,192.168.136.144,Gold
CUST-10931,07-12-2024,DEV-327965,192.168.194.148,None
CUST-10932,2023-05-13,DEV-199608,192.168.175.118,Gold
CUST-10933,2024-10-14,DEV-836238,192.168.26.29,silver
CUST-10934,05-08-2022,DEV-959749,192.168.109.6,
CUST-10935,24-10-2024,DEV-495287,192.168.177.62,Gold
CUST-10936,06/04/2022,DEV-490999,192.168.216.17,Silver
CUST-10937,06/18/2025,DEV-709630,192.168.1.20,Gold
CUST-10938,05/15/2023,DEV-240503,192.168.87.206,Gold
CUST-10939,27-06-2024,DEV-954620,192.168.236.53,None
CUST-10940,11/14/2023,DEV-224393,192.168.223.43,GOLD
CUST-10941,12/30/2024,DEV-353555,192.168.221.248,GOLD
CUST-10942,13-09-2025,DEV-989475,192.168.35.236,Silver
CUST-10943,14-02-2022,DEV-941285,192.168.61.201,
CUST-10944,04/29/2024,DEV-886769,192.168.236.177,silver
CUST-10945,03-05-2022,DEV-228691,192.168.88.14,GOLD
CUST-10946,28-09-2025,DEV-619664,192.168.157.247,Silver
CUST-10947,06/08/2023,DEV-945561,192.168.124.3,Gold
CUST-10948,15-10-2025,DEV-450558,192.168.20.228,silver
CUST-10949,18-01-2024,DEV-372007,192.168.170.189,Gold
CUST-10950,07/11/2023,DEV-966527,192.168.89.194,Gold
CUST-10951,2023-11-03,DEV-480168,192.168.219.127,
CUST-10952,17-09-2023,DEV-953201,192.168.125.143,silver
CUST-10953,31-12-2024,,192.168.15.167,silver
CUST-10954,2022-07-31,DEV-535624,192.168.21.253,None
CUST-10955,05/30/2022,DEV-214067,192.168.52.169,Silver
CUST-10956,2023-12-22,DEV-949062,192.168.17.153,GOLD
CUST-10957,2024-10-19,DEV-405841,192.168.143.168,GOLD
CUST-10958,08/18/2025,DEV-442671,192.168.188.82,Gold
CUST-10959,07/04/2023,DEV-987453,192.168.6.92,GOLD
CUST-10960,2023-06-20,DEV-667916,192.168.226.172,None
CUST-10961,19-06-2024,DEV-890611,192.168.168.142,None
CUST-10962,2024-09-10,DEV-584779,192.168.20.226,Silver
CUST-10963,2025-02-18,DEV-409595,192.168.47.124,silver
CUST-10964,30-09-2024,DEV-314514,192.168.185.208,silver
CUST-10965,03/04/2023,DEV-678906,192.168.149.188,Silver
CUST-10966,11/21/2025,DEV-934391,192.168.130.253,None
CUST-10967,04-10-2025,DEV-356852,192.168.185.220,silver
CUST-10968,2022-10-01,DEV-542688,192.168.48.175,silver
CUST-10969,09/22/2023,DEV-297034,192.168.212.196,Gold
CUST-10970,2022-12-14,DEV-694484,192.168.66.59,None
CUST-10971,12/20/2024,DEV-442307,192.168.121.98,None
CUST-10972,2024-10-27,DEV-741783,192.168.150.216,
CUST-10973,2022-03-22,DEV-364582,192.168.49.213,GOLD
CUST-10974,2023-12-17,DEV-185961,192.168.229.213,GOLD
CUST-10975,2022-11-27,,192.168.63.101,GOLD
CUST-10976,2023-01-31,DEV-144897,192.168.38.113,Gold
CUST-10977,04/11/2023,DEV-177281,192.168.226.161,GOLD
CUST-10978,08/01/2023,DEV-760850,192.168.102.146,GOLD
CUST-10979,24-09-2025,DEV-374588,192.168.64.106,GOLD
CUST-10980,2024-06-01,DEV-670622,192.168.236.143,Gold
CUST-10981,2024-04-19,DEV-572757,192.168.229.10,None
CUST-10982,24-01-2025,DEV-215368,192.168.59.152,Silver
CUST-10983,05-08-2024,DEV-244163,192.168.2.30,GOLD
CUST-10984,06-05-2023,DEV-604077,192.168.95.64,Silver
CUST-10985,2023-01-12,DEV-172615,192.168.3.183,Silver
CUST-10986,2023-05-01,DEV-755827,192.168.37.102,None
CUST-10987,2025-08-05,DEV-346926,192.168.91.132,GOLD
CUST-10988,12-05-2022,DEV-314142,192.168.57.4,None
CUST-10989,10-06-2022,DEV-573993,192.168.51.250,Silver
CUST-10990,2025-10-01,DEV-157602,192.168.248.89,Gold
CUST-10991,2024-04-09,DEV-404923,192.168.172.209,GOLD
CUST-10992,13-10-2025,DEV-868354,192.168.160.37,
CUST-10993,2024-01-18,DEV-574245,192.168.231.173,Silver
CUST-10994,2022-08-09,DEV-775965,192.168.138.42,Silver
CUST-10995,13-05-2022,DEV-724358,192.168.93.187,silver
CUST-10996,08-03-2023,DEV-256076,192.168.169.96,GOLD
CUST-10997,05-10-2025,DEV-235302,192.168.221.116,Gold
CUST-10998,2025-07-04,DEV-428991,192.168.178.129,Silver
CUST-10999,09-07-2024,DEV-419173,192.168.97.37,Gold
CUST-11000,07-04-2024,DEV-733006,192.168.111.113,Gold
CUST-11001,02/28/2026,DEV-GHOST-88,10.0.99.250,None
CUST-11002,2026-03-01,DEV-GHOST-88 ,10.0.99.250,Silver
CUST-11003,2026-03-02,DEV-GHOST-88 ,10.0.99.250,Gold
CUST-11004,02-03-2026,  DEV-GHOST-88,10.0.99.250,GOLD
CUST-11005,2026-03-03,DEV-GHOST-88 ,10.0.99.250,
CUST-11006,2026-03-02,DEV-GHOST-88 ,10.0.99.250,GOLD
CUST-11007,2026-03-04,  DEV-GHOST-88,10.0.99.250,Gold
CUST-11008,2026-03-03,DEV-GHOST-88,10.0.99.250,Gold
CUST-11009,2026-03-04,DEV-GHOST-88,10.0.99.250,None
CUST-11010,02/28/2026,DEV-GHOST-88,10.0.99.250,
CUST-11011,2026-03-02,DEV-GHOST-88,10.0.99.250,
CUST-11012,03/02/2026,  DEV-GHOST-88,10.0.99.250,Silver
CUST-11013,03/03/2026,DEV-GHOST-88 ,10.0.99.250,Gold
CUST-11014,03/03/2026,DEV-GHOST-88 ,10.0.99.250,
CUST-11015,02/28/2026,  DEV-GHOST-88,10.0.99.250,
